timestamp,R_joint_0_x,R_joint_0_y,R_joint_0_z,R_joint_1_x,R_joint_1_y,R_joint_1_z,R_joint_2_x,R_joint_2_y,R_joint_2_z,R_joint_3_x,R_joint_3_y,R_joint_3_z,R_joint_4_x,R_joint_4_y,R_joint_4_z,R_joint_5_x,R_joint_5_y,R_joint_5_z,R_joint_6_x,R_joint_6_y,R_joint_6_z,R_joint_7_x,R_joint_7_y,R_joint_7_z,R_joint_8_x,R_joint_8_y,R_joint_8_z,R_joint_9_x,R_joint_9_y,R_joint_9_z,R_joint_10_x,R_joint_10_y,R_joint_10_z,R_joint_11_x,R_joint_11_y,R_joint_11_z,R_joint_12_x,R_joint_12_y,R_joint_12_z,R_joint_13_x,R_joint_13_y,R_joint_13_z,R_joint_14_x,R_joint_14_y,R_joint_14_z,R_joint_15_x,R_joint_15_y,R_joint_15_z,R_joint_16_x,R_joint_16_y,R_joint_16_z,R_joint_17_x,R_joint_17_y,R_joint_17_z,R_joint_18_x,R_joint_18_y,R_joint_18_z,R_joint_19_x,R_joint_19_y,R_joint_19_z,R_joint_20_x,R_joint_20_y,R_joint_20_z,L_joint_0_x,L_joint_0_y,L_joint_0_z,L_joint_1_x,L_joint_1_y,L_joint_1_z,L_joint_2_x,L_joint_2_y,L_joint_2_z,L_joint_3_x,L_joint_3_y,L_joint_3_z,L_joint_4_x,L_joint_4_y,L_joint_4_z,L_joint_5_x,L_joint_5_y,L_joint_5_z,L_joint_6_x,L_joint_6_y,L_joint_6_z,L_joint_7_x,L_joint_7_y,L_joint_7_z,L_joint_8_x,L_joint_8_y,L_joint_8_z,L_joint_9_x,L_joint_9_y,L_joint_9_z,L_joint_10_x,L_joint_10_y,L_joint_10_z,L_joint_11_x,L_joint_11_y,L_joint_11_z,L_joint_12_x,L_joint_12_y,L_joint_12_z,L_joint_13_x,L_joint_13_y,L_joint_13_z,L_joint_14_x,L_joint_14_y,L_joint_14_z,L_joint_15_x,L_joint_15_y,L_joint_15_z,L_joint_16_x,L_joint_16_y,L_joint_16_z,L_joint_17_x,L_joint_17_y,L_joint_17_z,L_joint_18_x,L_joint_18_y,L_joint_18_z,L_joint_19_x,L_joint_19_y,L_joint_19_z,L_joint_20_x,L_joint_20_y,L_joint_20_z
1783390719.069848,0.6678359508514404,0.5349506735801697,1.3643563079313026e-07,0.628544270992279,0.5465087294578552,-0.0003660418151412159,0.589859664440155,0.5878512859344482,-0.005503959488123655,0.5559330582618713,0.6154901385307312,-0.011128377169370651,0.5290764570236206,0.6130929589271545,-0.01818646490573883,0.5955710411071777,0.6446014642715454,-0.02394835837185383,0.5817333459854126,0.7411330938339233,-0.03349655494093895,0.574451208114624,0.7934920191764832,-0.0369454026222229,0.567846417427063,0.8356533646583557,-0.03898594155907631,0.6176062226295471,0.6606346964836121,-0.029132787138223648,0.6093186736106873,0.767626941204071,-0.03897715359926224,0.6070131063461304,0.825509786605835,-0.040769219398498535,0.6056365370750427,0.8671852946281433,-0.04177698865532875,0.6417469382286072,0.6661421060562134,-0.03235461190342903,0.6397202014923096,0.7438718676567078,-0.042035747319459915,0.6418846249580383,0.7144929766654968,-0.03522767871618271,0.6435429453849792,0.6818305253982544,-0.02790089137852192,0.6657364964485168,0.6653352975845337,-0.03536556288599968,0.6602475643157959,0.7217265963554382,-0.041128721088171005,0.6617382168769836,0.6963629722595215,-0.03340234234929085,0.6625535488128662,0.6691392660140991,-0.02567812241613865,0.0,0.0,0.0,0.0,0.0,0.0,0.0,0.0,0.0,0.0,0.0,0.0,0.0,0.0,0.0,0.0,0.0,0.0,0.0,0.0,0.0,0.0,0.0,0.0,0.0,0.0,0.0,0.0,0.0,0.0,0.0,0.0,0.0,0.0,0.0,0.0,0.0,0.0,0.0,0.0,0.0,0.0,0.0,0.0,0.0,0.0,0.0,0.0,0.0,0.0,0.0,0.0,0.0,0.0,0.0,0.0,0.0,0.0,0.0,0.0,0.0,0.0,0.0
1783390719.282955,0.6674027442932129,0.5355737805366516,1.3278905441893585e-07,0.6275932788848877,0.5469201803207397,0.00029130111215636134,0.589948296546936,0.5881063938140869,-0.004116601310670376,0.5566636919975281,0.6163871884346008,-0.00893898494541645,0.5307233929634094,0.6184014081954956,-0.015123246237635612,0.5957351326942444,0.6454923152923584,-0.02308560349047184,0.582205057144165,0.7418031096458435,-0.03190271556377411,0.574971616268158,0.7929285764694214,-0.03495068848133087,0.5687280297279358,0.8346300721168518,-0.036672744899988174,0.6176856756210327,0.6612367630004883,-0.028073759749531746,0.6091135740280151,0.7674424648284912,-0.036919571459293365,0.6065595746040344,0.8248449563980103,-0.03835148736834526,0.6052968502044678,0.8663340210914612,-0.03927607834339142,0.641872763633728,0.6668729782104492,-0.03105883114039898,0.6396343111991882,0.7434908151626587,-0.03963890299201012,0.641560971736908,0.7144377827644348,-0.03276830539107323,0.6431793570518494,0.6820287704467773,-0.025687022134661674,0.6658891439437866,0.6665658354759216,-0.03377344459295273,0.6604295372962952,0.7228887677192688,-0.038809359073638916,0.6615989208221436,0.6982013583183289,-0.031089341267943382,0.662316620349884,0.67115718126297,-0.023524394258856773,0.0,0.0,0.0,0.0,0.0,0.0,0.0,0.0,0.0,0.0,0.0,0.0,0.0,0.0,0.0,0.0,0.0,0.0,0.0,0.0,0.0,0.0,0.0,0.0,0.0,0.0,0.0,0.0,0.0,0.0,0.0,0.0,0.0,0.0,0.0,0.0,0.0,0.0,0.0,0.0,0.0,0.0,0.0,0.0,0.0,0.0,0.0,0.0,0.0,0.0,0.0,0.0,0.0,0.0,0.0,0.0,0.0,0.0,0.0,0.0,0.0,0.0,0.0
1783390719.456682,0.6681650876998901,0.5348494648933411,1.332015386878993e-07,0.6282767653465271,0.5457593202590942,0.0008773501613177359,0.5905237793922424,0.5868484377861023,-0.0031042618211358786,0.5571882128715515,0.6152026653289795,-0.007685637567192316,0.5310894250869751,0.6155872941017151,-0.013634861446917057,0.5963518619537354,0.6457242965698242,-0.021343711763620377,0.582889199256897,0.742196798324585,-0.02981901727616787,0.5759137868881226,0.7939077019691467,-0.03288359194993973,0.5697292685508728,0.8358712792396545,-0.03470497205853462,0.6183961033821106,0.6619043946266174,-0.02653363347053528,0.609592854976654,0.7672060132026672,-0.035120949149131775,0.6070730090141296,0.8241710066795349,-0.03675064072012901,0.605853259563446,0.8655605316162109,-0.03782229125499725,0.6426549553871155,0.6676737070083618,-0.029708601534366608,0.6394249200820923,0.744109034538269,-0.037996288388967514,0.6413507461547852,0.714556872844696,-0.030999358743429184,0.6432080864906311,0.6822046637535095,-0.02385769970715046,0.6666539907455444,0.6669347286224365,-0.03260723873972893,0.6602240204811096,0.7226134538650513,-0.03734077885746956,0.6615352630615234,0.6972036957740784,-0.029353627935051918,0.6626196503639221,0.6701371669769287,-0.021596353501081467,0.0,0.0,0.0,0.0,0.0,0.0,0.0,0.0,0.0,0.0,0.0,0.0,0.0,0.0,0.0,0.0,0.0,0.0,0.0,0.0,0.0,0.0,0.0,0.0,0.0,0.0,0.0,0.0,0.0,0.0,0.0,0.0,0.0,0.0,0.0,0.0,0.0,0.0,0.0,0.0,0.0,0.0,0.0,0.0,0.0,0.0,0.0,0.0,0.0,0.0,0.0,0.0,0.0,0.0,0.0,0.0,0.0,0.0,0.0,0.0,0.0,0.0,0.0
1783390719.598361,0.6672970652580261,0.5332449674606323,1.4102785428349307e-07,0.6277278065681458,0.5451837778091431,1.2335855899436865e-05,0.5899995565414429,0.5859288573265076,-0.004716289229691029,0.5567896962165833,0.6138429641723633,-0.009999300353229046,0.5304569005966187,0.6143243908882141,-0.016636613756418228,0.5952438116073608,0.6439393162727356,-0.022205397486686707,0.5819682478904724,0.7408539652824402,-0.03079267404973507,0.5750457048416138,0.7923246026039124,-0.0337502546608448,0.5689541697502136,0.8341755867004395,-0.03540946543216705,0.617152214050293,0.6596579551696777,-0.027307696640491486,0.6087175011634827,0.7641787528991699,-0.03621195629239082,0.6065031886100769,0.8217979073524475,-0.03793724253773689,0.6053701639175415,0.8630796670913696,-0.03894355893135071,0.6414871215820312,0.6654393076896667,-0.030481357127428055,0.6390397548675537,0.740498960018158,-0.03907841816544533,0.6417049169540405,0.7113552689552307,-0.03215225413441658,0.6436415314674377,0.6793333292007446,-0.02492702379822731,0.6655361652374268,0.6651142835617065,-0.033450789749622345,0.6599463224411011,0.7204898595809937,-0.038138508796691895,0.6617711186408997,0.6948732137680054,-0.02997708134353161,0.6628051400184631,0.6677958369255066,-0.022069120779633522,0.0,0.0,0.0,0.0,0.0,0.0,0.0,0.0,0.0,0.0,0.0,0.0,0.0,0.0,0.0,0.0,0.0,0.0,0.0,0.0,0.0,0.0,0.0,0.0,0.0,0.0,0.0,0.0,0.0,0.0,0.0,0.0,0.0,0.0,0.0,0.0,0.0,0.0,0.0,0.0,0.0,0.0,0.0,0.0,0.0,0.0,0.0,0.0,0.0,0.0,0.0,0.0,0.0,0.0,0.0,0.0,0.0,0.0,0.0,0.0,0.0,0.0,0.0
1783390719.741426,0.6674817800521851,0.5325022339820862,1.3106595986300817e-07,0.6275702118873596,0.5444710850715637,0.0006879833526909351,0.5895504355430603,0.5859037041664124,-0.003670762525871396,0.556091845035553,0.6144880652427673,-0.008642948232591152,0.5298487544059753,0.6151257753372192,-0.015011083334684372,0.594951868057251,0.6430155634880066,-0.022083869203925133,0.5818785429000854,0.7396059036254883,-0.030667463317513466,0.5750089883804321,0.7915385365486145,-0.033611051738262177,0.5690754055976868,0.8338882923126221,-0.03534644842147827,0.6166998147964478,0.6588930487632751,-0.027485502883791924,0.6081148982048035,0.7646117210388184,-0.03653349727392197,0.6061267852783203,0.8223121166229248,-0.03818221762776375,0.605390191078186,0.8632186651229858,-0.03913923352956772,0.6409920454025269,0.6646240949630737,-0.030863797292113304,0.6388477683067322,0.7411317825317383,-0.03940381482243538,0.6411492824554443,0.7125072479248047,-0.03234080970287323,0.6428218483924866,0.6801563501358032,-0.025085918605327606,0.6652385592460632,0.6643118858337402,-0.033988140523433685,0.6598218083381653,0.7206037640571594,-0.038674496114254,0.661217987537384,0.6951859593391418,-0.03059331700205803,0.6620000600814819,0.6678289771080017,-0.022791579365730286,0.0,0.0,0.0,0.0,0.0,0.0,0.0,0.0,0.0,0.0,0.0,0.0,0.0,0.0,0.0,0.0,0.0,0.0,0.0,0.0,0.0,0.0,0.0,0.0,0.0,0.0,0.0,0.0,0.0,0.0,0.0,0.0,0.0,0.0,0.0,0.0,0.0,0.0,0.0,0.0,0.0,0.0,0.0,0.0,0.0,0.0,0.0,0.0,0.0,0.0,0.0,0.0,0.0,0.0,0.0,0.0,0.0,0.0,0.0,0.0,0.0,0.0,0.0
1783390719.905677,0.667716383934021,0.533357560634613,1.2690131256931636e-07,0.627705991268158,0.5443607568740845,0.0005863686092197895,0.5891759991645813,0.5861629247665405,-0.00366712617687881,0.555254340171814,0.6150881052017212,-0.008436501957476139,0.5289809107780457,0.6156116127967834,-0.014614920131862164,0.5954368710517883,0.6429967284202576,-0.022400639951229095,0.5820484757423401,0.7398340106010437,-0.03073202073574066,0.5754789710044861,0.791435182094574,-0.033552296459674835,0.5699278116226196,0.8336703777313232,-0.03528041020035744,0.6170157790184021,0.6584842801094055,-0.027635296806693077,0.6081745624542236,0.7651866674423218,-0.03624827042222023,0.6061434149742126,0.822623074054718,-0.0376327820122242,0.6055631041526794,0.8640020489692688,-0.03850942477583885,0.6412002444267273,0.6640793085098267,-0.03084307350218296,0.6390318274497986,0.7421083450317383,-0.03911658748984337,0.6411455869674683,0.7129945755004883,-0.03209532052278519,0.6428833603858948,0.680538535118103,-0.025005556643009186,0.6654938459396362,0.6638374924659729,-0.03378957137465477,0.6600571870803833,0.7203909754753113,-0.03855401650071144,0.6612527966499329,0.6952227354049683,-0.030699314549565315,0.6619128584861755,0.6680876016616821,-0.02313290350139141,0.0,0.0,0.0,0.0,0.0,0.0,0.0,0.0,0.0,0.0,0.0,0.0,0.0,0.0,0.0,0.0,0.0,0.0,0.0,0.0,0.0,0.0,0.0,0.0,0.0,0.0,0.0,0.0,0.0,0.0,0.0,0.0,0.0,0.0,0.0,0.0,0.0,0.0,0.0,0.0,0.0,0.0,0.0,0.0,0.0,0.0,0.0,0.0,0.0,0.0,0.0,0.0,0.0,0.0,0.0,0.0,0.0,0.0,0.0,0.0,0.0,0.0,0.0
1783390720.044401,0.6671628355979919,0.5329562425613403,1.2426855278135918e-07,0.626975417137146,0.5439568758010864,0.0010058142943307757,0.58906090259552,0.5861143469810486,-0.0029810538981109858,0.5552529692649841,0.6152491569519043,-0.007494978606700897,0.5288515090942383,0.6153628826141357,-0.013394515961408615,0.5952402353286743,0.6437526941299438,-0.021866455674171448,0.5830442309379578,0.7415704131126404,-0.029943162575364113,0.5770808458328247,0.793521523475647,-0.03283637389540672,0.5720203518867493,0.8358131051063538,-0.034636907279491425,0.6174991130828857,0.6597192883491516,-0.02695002593100071,0.6083923578262329,0.7655196189880371,-0.03494386002421379,0.605705201625824,0.8228820562362671,-0.03630266711115837,0.6048816442489624,0.8641181588172913,-0.03732672333717346,0.6419118046760559,0.6654186248779297,-0.029956484213471413,0.6389399766921997,0.7427998185157776,-0.037295807152986526,0.6405228972434998,0.7136062383651733,-0.03012220934033394,0.6423316597938538,0.680942177772522,-0.023171236738562584,0.6658695340156555,0.664928138256073,-0.032707296311855316,0.659641683101654,0.7211401462554932,-0.03679611533880234,0.6605791449546814,0.6959130764007568,-0.028800997883081436,0.6612914800643921,0.6686208248138428,-0.021244864910840988,0.0,0.0,0.0,0.0,0.0,0.0,0.0,0.0,0.0,0.0,0.0,0.0,0.0,0.0,0.0,0.0,0.0,0.0,0.0,0.0,0.0,0.0,0.0,0.0,0.0,0.0,0.0,0.0,0.0,0.0,0.0,0.0,0.0,0.0,0.0,0.0,0.0,0.0,0.0,0.0,0.0,0.0,0.0,0.0,0.0,0.0,0.0,0.0,0.0,0.0,0.0,0.0,0.0,0.0,0.0,0.0,0.0,0.0,0.0,0.0,0.0,0.0,0.0
1783390720.199954,0.6665104031562805,0.5348543524742126,1.3524761754979409e-07,0.6266930103302002,0.5462000966072083,0.0009897340787574649,0.5901793241500854,0.5881341695785522,-0.003123088041320443,0.5573012828826904,0.6194826364517212,-0.007708708755671978,0.5315049886703491,0.6241603493690491,-0.013587769120931625,0.595572292804718,0.6463936567306519,-0.022381708025932312,0.5817155838012695,0.7420483231544495,-0.03113408200442791,0.5741761326789856,0.7933836579322815,-0.034547872841358185,0.5680314302444458,0.8357551693916321,-0.0365871861577034,0.6176754832267761,0.6624996662139893,-0.02730054222047329,0.60904860496521,0.7670926451683044,-0.03566387668251991,0.6070436835289001,0.8241639137268066,-0.03707396611571312,0.6065036058425903,0.8659283518791199,-0.03813682496547699,0.6420245170593262,0.6686046719551086,-0.03012649528682232,0.6393635272979736,0.7434062957763672,-0.03766580671072006,0.6413397789001465,0.7140949964523315,-0.03025956265628338,0.6431664824485779,0.6818054914474487,-0.023110220208764076,0.6658785343170166,0.6682657599449158,-0.03269648551940918,0.660324215888977,0.7220109701156616,-0.03652193024754524,0.6614025831222534,0.6972469091415405,-0.02827441319823265,0.6620473861694336,0.6709076762199402,-0.020506810396909714,0.0,0.0,0.0,0.0,0.0,0.0,0.0,0.0,0.0,0.0,0.0,0.0,0.0,0.0,0.0,0.0,0.0,0.0,0.0,0.0,0.0,0.0,0.0,0.0,0.0,0.0,0.0,0.0,0.0,0.0,0.0,0.0,0.0,0.0,0.0,0.0,0.0,0.0,0.0,0.0,0.0,0.0,0.0,0.0,0.0,0.0,0.0,0.0,0.0,0.0,0.0,0.0,0.0,0.0,0.0,0.0,0.0,0.0,0.0,0.0,0.0,0.0,0.0
1783390720.371846,0.6669120192527771,0.5370546579360962,1.4841030804291222e-07,0.6267497539520264,0.5474968552589417,4.172345870756544e-05,0.5894516706466675,0.5889411568641663,-0.004953647963702679,0.5569967031478882,0.6196556687355042,-0.010120582766830921,0.5305667519569397,0.6235959529876709,-0.01664596237242222,0.5953406691551208,0.6459974050521851,-0.02507861889898777,0.580279529094696,0.7442690134048462,-0.034204501658678055,0.5720987915992737,0.7968863248825073,-0.03732418641448021,0.5657907724380493,0.839460551738739,-0.03895990923047066,0.6179131865501404,0.661977231502533,-0.02957516722381115,0.6087606549263,0.7678067684173584,-0.038564473390579224,0.6069304943084717,0.8251490592956543,-0.039580050855875015,0.607019305229187,0.8664681911468506,-0.040129877626895905,0.6424907445907593,0.6680346131324768,-0.03189510852098465,0.6380499601364136,0.7428909540176392,-0.039368581026792526,0.6396181583404541,0.7150066494941711,-0.031179139390587807,0.6417842507362366,0.6839155554771423,-0.023435287177562714,0.6662755012512207,0.6679474711418152,-0.03402694687247276,0.658836305141449,0.7241488099098206,-0.037559449672698975,0.6601107120513916,0.6997890472412109,-0.028531448915600777,0.6616771817207336,0.6734190583229065,-0.020165329799056053,0.0,0.0,0.0,0.0,0.0,0.0,0.0,0.0,0.0,0.0,0.0,0.0,0.0,0.0,0.0,0.0,0.0,0.0,0.0,0.0,0.0,0.0,0.0,0.0,0.0,0.0,0.0,0.0,0.0,0.0,0.0,0.0,0.0,0.0,0.0,0.0,0.0,0.0,0.0,0.0,0.0,0.0,0.0,0.0,0.0,0.0,0.0,0.0,0.0,0.0,0.0,0.0,0.0,0.0,0.0,0.0,0.0,0.0,0.0,0.0,0.0,0.0,0.0
1783390720.6271842,0.667357861995697,0.5387512445449829,1.5261929320331546e-07,0.6264907717704773,0.5485655665397644,0.0006155962473712862,0.5887634754180908,0.590058445930481,-0.003613889217376709,0.5558515787124634,0.6214922070503235,-0.008055794052779675,0.5296806693077087,0.6251523494720459,-0.013682730495929718,0.594549834728241,0.6477855443954468,-0.023312395438551903,0.577430784702301,0.744572639465332,-0.03125821799039841,0.5683198571205139,0.7957047820091248,-0.03344881907105446,0.5608178377151489,0.836772620677948,-0.03451545909047127,0.6169614791870117,0.6642906069755554,-0.02758878655731678,0.6080788969993591,0.771422803401947,-0.03588375821709633,0.6053134799003601,0.8288201689720154,-0.036713723093271255,0.6038849949836731,0.8699280023574829,-0.0372120626270771,0.6412655711174011,0.6705201864242554,-0.02959218993782997,0.6369189620018005,0.7454111576080322,-0.03655829280614853,0.6379846334457397,0.7178732752799988,-0.02849660813808441,0.6397807002067566,0.6870866417884827,-0.020886970683932304,0.6647484302520752,0.6703013777732849,-0.03133241832256317,0.6573038697242737,0.7256433367729187,-0.034279536455869675,0.6583503484725952,0.7016064524650574,-0.025272242724895477,0.6597978472709656,0.6755786538124084,-0.0169698316603899,0.0,0.0,0.0,0.0,0.0,0.0,0.0,0.0,0.0,0.0,0.0,0.0,0.0,0.0,0.0,0.0,0.0,0.0,0.0,0.0,0.0,0.0,0.0,0.0,0.0,0.0,0.0,0.0,0.0,0.0,0.0,0.0,0.0,0.0,0.0,0.0,0.0,0.0,0.0,0.0,0.0,0.0,0.0,0.0,0.0,0.0,0.0,0.0,0.0,0.0,0.0,0.0,0.0,0.0,0.0,0.0,0.0,0.0,0.0,0.0,0.0,0.0,0.0
1783390720.8517199,0.6678175926208496,0.5386862754821777,1.6730461993574863e-07,0.6279959678649902,0.5489504337310791,0.0011137276887893677,0.5907018780708313,0.5903334617614746,-0.002425761893391609,0.5574063062667847,0.6213395595550537,-0.006402722094208002,0.5308458805084229,0.6258198618888855,-0.01136594358831644,0.5941470265388489,0.6497296094894409,-0.02082444168627262,0.5731872320175171,0.7440967559814453,-0.027537930756807327,0.5624023079872131,0.7928990125656128,-0.028481245040893555,0.5533976554870605,0.8317493200302124,-0.028608212247490883,0.6160505414009094,0.6665631532669067,-0.025071384385228157,0.6074678897857666,0.7738561630249023,-0.033611975610256195,0.6045142412185669,0.83267742395401,-0.03443185240030289,0.6029643416404724,0.8756159543991089,-0.034418486058712006,0.640281617641449,0.6727755069732666,-0.02706577628850937,0.637453556060791,0.7422981262207031,-0.03467565402388573,0.6387838125228882,0.7132585644721985,-0.02724703587591648,0.6404368877410889,0.6829987168312073,-0.01945725828409195,0.6638620495796204,0.6722711324691772,-0.028662478551268578,0.6570315957069397,0.7242997288703918,-0.031836241483688354,0.6587026715278625,0.6989549398422241,-0.022897880524396896,0.660259485244751,0.6727402806282043,-0.014259668998420238,0.0,0.0,0.0,0.0,0.0,0.0,0.0,0.0,0.0,0.0,0.0,0.0,0.0,0.0,0.0,0.0,0.0,0.0,0.0,0.0,0.0,0.0,0.0,0.0,0.0,0.0,0.0,0.0,0.0,0.0,0.0,0.0,0.0,0.0,0.0,0.0,0.0,0.0,0.0,0.0,0.0,0.0,0.0,0.0,0.0,0.0,0.0,0.0,0.0,0.0,0.0,0.0,0.0,0.0,0.0,0.0,0.0,0.0,0.0,0.0,0.0,0.0,0.0
1783390721.050364,0.6677810549736023,0.5418654084205627,1.7133473306785163e-07,0.6275003552436829,0.5533750653266907,0.002242517890408635,0.5894261598587036,0.594535768032074,-0.0009475735132582486,0.5556373000144958,0.6245078444480896,-0.004874029196798801,0.5287824273109436,0.6274722218513489,-0.009803634136915207,0.5932345390319824,0.6545549631118774,-0.018811719492077827,0.5709939002990723,0.7459331154823303,-0.02499862015247345,0.5594149231910706,0.7940713763237,-0.02567017450928688,0.5496345162391663,0.8319651484489441,-0.02565944939851761,0.6146209836006165,0.6705172061920166,-0.0236669909209013,0.6063046455383301,0.7776613235473633,-0.03199264034628868,0.6036598682403564,0.8369441032409668,-0.03266358748078346,0.6021170020103455,0.8798166513442993,-0.03256379812955856,0.638683021068573,0.6764779090881348,-0.02626555971801281,0.636523962020874,0.7472938299179077,-0.03365613520145416,0.6380166411399841,0.7195111513137817,-0.026211343705654144,0.6395125985145569,0.6895594596862793,-0.01850331947207451,0.662273108959198,0.6763004660606384,-0.028392838314175606,0.65589439868927,0.7292624711990356,-0.031181935220956802,0.6575475335121155,0.7047373652458191,-0.022229470312595367,0.6589658856391907,0.6792158484458923,-0.013699800707399845,0.0,0.0,0.0,0.0,0.0,0.0,0.0,0.0,0.0,0.0,0.0,0.0,0.0,0.0,0.0,0.0,0.0,0.0,0.0,0.0,0.0,0.0,0.0,0.0,0.0,0.0,0.0,0.0,0.0,0.0,0.0,0.0,0.0,0.0,0.0,0.0,0.0,0.0,0.0,0.0,0.0,0.0,0.0,0.0,0.0,0.0,0.0,0.0,0.0,0.0,0.0,0.0,0.0,0.0,0.0,0.0,0.0,0.0,0.0,0.0,0.0,0.0,0.0
1783390721.206594,0.668648898601532,0.5403667092323303,1.7024130727349984e-07,0.6285173296928406,0.5509778261184692,0.0005704914801754057,0.5901134610176086,0.593308687210083,-0.003153500845655799,0.5563276410102844,0.6234089732170105,-0.007451693061739206,0.5296960473060608,0.6261199116706848,-0.012845944613218307,0.5938953757286072,0.6533879041671753,-0.020552823320031166,0.5700040459632874,0.7421445250511169,-0.028384357690811157,0.5573850870132446,0.7904826402664185,-0.03065233677625656,0.5464724898338318,0.8287073969841003,-0.03170263022184372,0.6154599189758301,0.6704291105270386,-0.024697860702872276,0.6059954762458801,0.7748550772666931,-0.03328368812799454,0.6025554537773132,0.8337752819061279,-0.034060038626194,0.6004694104194641,0.8775863647460938,-0.03415735810995102,0.639115035533905,0.6765500903129578,-0.02687508426606655,0.6367774605751038,0.7457980513572693,-0.034631773829460144,0.638282835483551,0.7179940342903137,-0.027649717405438423,0.6402892470359802,0.6880220174789429,-0.02029142901301384,0.6622370481491089,0.6758524179458618,-0.028820989653468132,0.655220091342926,0.7270747423171997,-0.03235899284482002,0.6570495367050171,0.7027369141578674,-0.024041367694735527,0.6587319374084473,0.6766294240951538,-0.015916205942630768,0.0,0.0,0.0,0.0,0.0,0.0,0.0,0.0,0.0,0.0,0.0,0.0,0.0,0.0,0.0,0.0,0.0,0.0,0.0,0.0,0.0,0.0,0.0,0.0,0.0,0.0,0.0,0.0,0.0,0.0,0.0,0.0,0.0,0.0,0.0,0.0,0.0,0.0,0.0,0.0,0.0,0.0,0.0,0.0,0.0,0.0,0.0,0.0,0.0,0.0,0.0,0.0,0.0,0.0,0.0,0.0,0.0,0.0,0.0,0.0,0.0,0.0,0.0
1783390721.3687758,0.6688958406448364,0.5404375195503235,1.8612161056807963e-07,0.6289041042327881,0.5509218573570251,-3.665571421151981e-05,0.5903888940811157,0.5926178693771362,-0.004361376632004976,0.5562986135482788,0.6221067309379578,-0.009087488986551762,0.5293612480163574,0.6251444220542908,-0.014903689734637737,0.5944425463676453,0.651887059211731,-0.021594805642962456,0.5690889358520508,0.7388244867324829,-0.02980174496769905,0.5555047988891602,0.7865598201751709,-0.03261571750044823,0.5440099239349365,0.8243744969367981,-0.03414256498217583,0.6159794330596924,0.6690268516540527,-0.025476645678281784,0.6054993271827698,0.7727582454681396,-0.033809512853622437,0.6015933752059937,0.831111490726471,-0.03480152413249016,0.5994075536727905,0.8746181726455688,-0.03545767068862915,0.6395329236984253,0.6753173470497131,-0.027392398566007614,0.6356948614120483,0.7475262880325317,-0.03466394543647766,0.6369183659553528,0.7199363708496094,-0.027517670765519142,0.6390616297721863,0.6896592378616333,-0.020496319979429245,0.6623743772506714,0.6749244928359985,-0.029159894213080406,0.654992401599884,0.7281709909439087,-0.0328390970826149,0.6563076376914978,0.70382159948349,-0.024726789444684982,0.6580258011817932,0.6775583028793335,-0.01692798361182213,0.0,0.0,0.0,0.0,0.0,0.0,0.0,0.0,0.0,0.0,0.0,0.0,0.0,0.0,0.0,0.0,0.0,0.0,0.0,0.0,0.0,0.0,0.0,0.0,0.0,0.0,0.0,0.0,0.0,0.0,0.0,0.0,0.0,0.0,0.0,0.0,0.0,0.0,0.0,0.0,0.0,0.0,0.0,0.0,0.0,0.0,0.0,0.0,0.0,0.0,0.0,0.0,0.0,0.0,0.0,0.0,0.0,0.0,0.0,0.0,0.0,0.0,0.0
1783390721.529383,0.6687390208244324,0.5408609509468079,1.850821860216456e-07,0.6286709308624268,0.551547110080719,0.001011523068882525,0.5904867649078369,0.5918528437614441,-0.0027263141237199306,0.5568491220474243,0.6217488050460815,-0.006884326227009296,0.5302556157112122,0.6264325380325317,-0.012043205089867115,0.5941494107246399,0.6523285508155823,-0.020886002108454704,0.5685639381408691,0.7395172119140625,-0.02846180833876133,0.555448055267334,0.7875293493270874,-0.03055686689913273,0.5445868372917175,0.8255373239517212,-0.031544726341962814,0.6155602931976318,0.6689642071723938,-0.02485136315226555,0.6053367853164673,0.773945152759552,-0.03314482420682907,0.6018655896186829,0.8333471417427063,-0.03384498506784439,0.6001280546188354,0.8772401809692383,-0.03411148115992546,0.6392902731895447,0.6749283671379089,-0.02666654996573925,0.6364297270774841,0.7463256120681763,-0.03339287266135216,0.6374021172523499,0.719068169593811,-0.025621948763728142,0.6391089558601379,0.6890116333961487,-0.018070584163069725,0.6625109910964966,0.6743509769439697,-0.02822786569595337,0.655900776386261,0.7275394201278687,-0.030970780178904533,0.6570665240287781,0.7033287286758423,-0.022151948884129524,0.6583791971206665,0.677209198474884,-0.013808321207761765,0.0,0.0,0.0,0.0,0.0,0.0,0.0,0.0,0.0,0.0,0.0,0.0,0.0,0.0,0.0,0.0,0.0,0.0,0.0,0.0,0.0,0.0,0.0,0.0,0.0,0.0,0.0,0.0,0.0,0.0,0.0,0.0,0.0,0.0,0.0,0.0,0.0,0.0,0.0,0.0,0.0,0.0,0.0,0.0,0.0,0.0,0.0,0.0,0.0,0.0,0.0,0.0,0.0,0.0,0.0,0.0,0.0,0.0,0.0,0.0,0.0,0.0,0.0
1783390721.669675,0.668973445892334,0.5409475564956665,1.7616768843708996e-07,0.6288726925849915,0.551401674747467,0.002007313072681427,0.5908940434455872,0.5922204852104187,-0.001184392487630248,0.5572971105575562,0.6223554611206055,-0.004907218739390373,0.5306100845336914,0.6262028813362122,-0.009680585004389286,0.594738781452179,0.6522032022476196,-0.020721683278679848,0.5692062973976135,0.7421445250511169,-0.02788090519607067,0.5561546683311462,0.7906942963600159,-0.029346341267228127,0.5454274415969849,0.8287897706031799,-0.02981848642230034,0.6164436340332031,0.6698834300041199,-0.02480831928551197,0.6056753396987915,0.7759464383125305,-0.032783448696136475,0.6023253202438354,0.8351373672485352,-0.032885998487472534,0.6010159850120544,0.8782669305801392,-0.03257176652550697,0.6403177380561829,0.6764695048332214,-0.026605019345879555,0.6369844079017639,0.7465702891349792,-0.032626502215862274,0.6381350755691528,0.7189059853553772,-0.02452484332025051,0.6401395797729492,0.6885963082313538,-0.016757261008024216,0.6634692549705505,0.6761858463287354,-0.028071466833353043,0.656364917755127,0.7271614670753479,-0.030068406835198402,0.6576707363128662,0.7030646800994873,-0.021130630746483803,0.6592043042182922,0.6771613955497742,-0.012728859670460224,0.0,0.0,0.0,0.0,0.0,0.0,0.0,0.0,0.0,0.0,0.0,0.0,0.0,0.0,0.0,0.0,0.0,0.0,0.0,0.0,0.0,0.0,0.0,0.0,0.0,0.0,0.0,0.0,0.0,0.0,0.0,0.0,0.0,0.0,0.0,0.0,0.0,0.0,0.0,0.0,0.0,0.0,0.0,0.0,0.0,0.0,0.0,0.0,0.0,0.0,0.0,0.0,0.0,0.0,0.0,0.0,0.0,0.0,0.0,0.0,0.0,0.0,0.0
1783390722.085762,0.669739842414856,0.5398121476173401,1.6476694497669087e-07,0.6299424171447754,0.5504937767982483,0.00042841609683819115,0.591616690158844,0.5935508608818054,-0.0033123346511274576,0.5574434399604797,0.6235964298248291,-0.007629979867488146,0.5305776596069336,0.6249275803565979,-0.01312960684299469,0.5966924428939819,0.6530041694641113,-0.02068648859858513,0.5722483992576599,0.7412765622138977,-0.028238391503691673,0.5596134066581726,0.7898805141448975,-0.03030935861170292,0.5489989519119263,0.8284628987312317,-0.03132277727127075,0.6180820465087891,0.6697820425033569,-0.024682624265551567,0.6079088449478149,0.7738129496574402,-0.032665662467479706,0.604175329208374,0.8313496112823486,-0.03305946663022041,0.6022610664367676,0.8742876052856445,-0.03309853747487068,0.6413552165031433,0.6755997538566589,-0.026735685765743256,0.6387466788291931,0.7460070252418518,-0.034090299159288406,0.6394457817077637,0.7177843451499939,-0.027361415326595306,0.6412549018859863,0.6870012283325195,-0.020416678860783577,0.664141058921814,0.6749318838119507,-0.028557680547237396,0.6572967767715454,0.7277985215187073,-0.03230941668152809,0.6582525372505188,0.7032672166824341,-0.024582132697105408,0.6597691178321838,0.6762232780456543,-0.017007965594530106,0.0,0.0,0.0,0.0,0.0,0.0,0.0,0.0,0.0,0.0,0.0,0.0,0.0,0.0,0.0,0.0,0.0,0.0,0.0,0.0,0.0,0.0,0.0,0.0,0.0,0.0,0.0,0.0,0.0,0.0,0.0,0.0,0.0,0.0,0.0,0.0,0.0,0.0,0.0,0.0,0.0,0.0,0.0,0.0,0.0,0.0,0.0,0.0,0.0,0.0,0.0,0.0,0.0,0.0,0.0,0.0,0.0,0.0,0.0,0.0,0.0,0.0,0.0
1783390722.473718,0.670150637626648,0.542473316192627,1.8843729776563123e-07,0.631627082824707,0.5536702871322632,-0.0009633940644562244,0.5935117602348328,0.595585286617279,-0.006017863750457764,0.5598785877227783,0.624983549118042,-0.011491657234728336,0.5331196188926697,0.6276931166648865,-0.01809060201048851,0.5984255075454712,0.6548798084259033,-0.02290102280676365,0.5753045678138733,0.7434167861938477,-0.0318317748606205,0.5621721148490906,0.7910681962966919,-0.03467454016208649,0.5512784719467163,0.8290929794311523,-0.03600652888417244,0.6194977760314941,0.6702865362167358,-0.026988914236426353,0.6106129884719849,0.7752948999404907,-0.03675631061196327,0.6071327924728394,0.8340418934822083,-0.038241203874349594,0.6052606105804443,0.8787551522254944,-0.03881015628576279,0.6427988409996033,0.6760147213935852,-0.029186667874455452,0.6418626308441162,0.7478947043418884,-0.03856553137302399,0.6431476473808289,0.7197293043136597,-0.032017625868320465,0.6447672843933105,0.6894882917404175,-0.024669025093317032,0.6656700968742371,0.6762149333953857,-0.031165504828095436,0.6598206758499146,0.7316297888755798,-0.03602028638124466,0.661045491695404,0.7074409127235413,-0.027855796739459038,0.6624257564544678,0.6808717846870422,-0.019674496725201607,0.0,0.0,0.0,0.0,0.0,0.0,0.0,0.0,0.0,0.0,0.0,0.0,0.0,0.0,0.0,0.0,0.0,0.0,0.0,0.0,0.0,0.0,0.0,0.0,0.0,0.0,0.0,0.0,0.0,0.0,0.0,0.0,0.0,0.0,0.0,0.0,0.0,0.0,0.0,0.0,0.0,0.0,0.0,0.0,0.0,0.0,0.0,0.0,0.0,0.0,0.0,0.0,0.0,0.0,0.0,0.0,0.0,0.0,0.0,0.0,0.0,0.0,0.0
1783390722.6949382,0.6701004505157471,0.5426148176193237,2.0197117578391044e-07,0.6301125884056091,0.5541952252388,0.0019110521534457803,0.5919089317321777,0.5950141549110413,-0.002042185515165329,0.5581623315811157,0.6248918175697327,-0.006488187704235315,0.530990481376648,0.6263788342475891,-0.01185439620167017,0.5981747508049011,0.6538516283035278,-0.022008489817380905,0.5735132098197937,0.745471715927124,-0.029037177562713623,0.5610358119010925,0.7938011288642883,-0.03027760423719883,0.5505455136299133,0.8319552540779114,-0.03071564808487892,0.6200106143951416,0.6708396673202515,-0.026086559519171715,0.6089012622833252,0.7751264572143555,-0.034468796104192734,0.6051943302154541,0.8343632221221924,-0.03483952581882477,0.6036207675933838,0.8776602745056152,-0.034904737025499344,0.6439112424850464,0.6774582862854004,-0.0276580061763525,0.6392067670822144,0.7494800090789795,-0.033018071204423904,0.6401515007019043,0.7215938568115234,-0.02376512996852398,0.6422945857048035,0.6913476586341858,-0.015508083626627922,0.666678786277771,0.6767453551292419,-0.02898281253874302,0.6593184471130371,0.7286435961723328,-0.029845744371414185,0.6602063179016113,0.7045245170593262,-0.01996053010225296,0.661878228187561,0.6788647174835205,-0.011166119016706944,0.0,0.0,0.0,0.0,0.0,0.0,0.0,0.0,0.0,0.0,0.0,0.0,0.0,0.0,0.0,0.0,0.0,0.0,0.0,0.0,0.0,0.0,0.0,0.0,0.0,0.0,0.0,0.0,0.0,0.0,0.0,0.0,0.0,0.0,0.0,0.0,0.0,0.0,0.0,0.0,0.0,0.0,0.0,0.0,0.0,0.0,0.0,0.0,0.0,0.0,0.0,0.0,0.0,0.0,0.0,0.0,0.0,0.0,0.0,0.0,0.0,0.0,0.0
1783390722.8471591,0.6691356301307678,0.5392758250236511,1.818252286511779e-07,0.6289371252059937,0.552981436252594,0.0013737421249970794,0.5910974144935608,0.5942204594612122,-0.002632011426612735,0.5574203133583069,0.6225610971450806,-0.007396352011710405,0.5305700302124023,0.6260285377502441,-0.01321912556886673,0.59675532579422,0.6529800891876221,-0.020026566460728645,0.5731836557388306,0.741891622543335,-0.027382144704461098,0.5610220432281494,0.7895768284797668,-0.029169870540499687,0.5504542589187622,0.8273337483406067,-0.02991149015724659,0.6185660362243652,0.6692383289337158,-0.02475225366652012,0.6085501313209534,0.7724512815475464,-0.03319556638598442,0.6050795316696167,0.8301247954368591,-0.03394532576203346,0.6031679511070251,0.8725844025611877,-0.03414640948176384,0.6422021985054016,0.6745038628578186,-0.027376046404242516,0.6392329931259155,0.7457091808319092,-0.03430180624127388,0.6402955651283264,0.7185998558998108,-0.02669665962457657,0.6420075297355652,0.6886535286903381,-0.019234562292695045,0.6651976704597473,0.6725664138793945,-0.02974521741271019,0.6586678624153137,0.7263539433479309,-0.0321386493742466,0.6594584584236145,0.70280921459198,-0.02308126911520958,0.6606931686401367,0.6768215894699097,-0.014699499122798443,0.0,0.0,0.0,0.0,0.0,0.0,0.0,0.0,0.0,0.0,0.0,0.0,0.0,0.0,0.0,0.0,0.0,0.0,0.0,0.0,0.0,0.0,0.0,0.0,0.0,0.0,0.0,0.0,0.0,0.0,0.0,0.0,0.0,0.0,0.0,0.0,0.0,0.0,0.0,0.0,0.0,0.0,0.0,0.0,0.0,0.0,0.0,0.0,0.0,0.0,0.0,0.0,0.0,0.0,0.0,0.0,0.0,0.0,0.0,0.0,0.0,0.0,0.0
1783390723.04949,0.6677578091621399,0.534529983997345,1.839389085489529e-07,0.6280991435050964,0.5471886992454529,-0.0011088917963206768,0.5898216962814331,0.5890130996704102,-0.00627652183175087,0.5562800765037537,0.6173450946807861,-0.012075630016624928,0.5297257900238037,0.6213262677192688,-0.019043996930122375,0.5946740508079529,0.6486256122589111,-0.022228647023439407,0.5725264549255371,0.7370619773864746,-0.03142542392015457,0.5601863861083984,0.7855115532875061,-0.034908588975667953,0.5495222210884094,0.8245974779129028,-0.036764390766620636,0.6163732409477234,0.6649596691131592,-0.026661304756999016,0.6078099012374878,0.7667021751403809,-0.0361553393304348,0.6041610240936279,0.8253400921821594,-0.038202475756406784,0.6020287275314331,0.869784414768219,-0.0393415205180645,0.6397230625152588,0.6697008013725281,-0.029329581186175346,0.6390790343284607,0.7399642467498779,-0.03803067281842232,0.6398500800132751,0.7128694653511047,-0.032034195959568024,0.6410900354385376,0.6830034255981445,-0.02538498304784298,0.6626089811325073,0.667510986328125,-0.03194927051663399,0.6578337550163269,0.7203925848007202,-0.03618527203798294,0.6585781574249268,0.6971657276153564,-0.028377210721373558,0.6591984033584595,0.6709709167480469,-0.0206630639731884,0.0,0.0,0.0,0.0,0.0,0.0,0.0,0.0,0.0,0.0,0.0,0.0,0.0,0.0,0.0,0.0,0.0,0.0,0.0,0.0,0.0,0.0,0.0,0.0,0.0,0.0,0.0,0.0,0.0,0.0,0.0,0.0,0.0,0.0,0.0,0.0,0.0,0.0,0.0,0.0,0.0,0.0,0.0,0.0,0.0,0.0,0.0,0.0,0.0,0.0,0.0,0.0,0.0,0.0,0.0,0.0,0.0,0.0,0.0,0.0,0.0,0.0,0.0
1783390723.206947,0.6672951579093933,0.5325493812561035,1.877531872196414e-07,0.6275283098220825,0.5441259741783142,-0.0005850974703207612,0.5899747610092163,0.5863891839981079,-0.005477092228829861,0.5564200282096863,0.6162614822387695,-0.01099694799631834,0.5290794968605042,0.6201010346412659,-0.017709815874695778,0.59441739320755,0.6463276147842407,-0.021561112254858017,0.5721166133880615,0.736029326915741,-0.029717791825532913,0.5598990321159363,0.784371018409729,-0.032348085194826126,0.5495465397834778,0.8238457441329956,-0.033751264214515686,0.6159326434135437,0.6629617810249329,-0.02614452876150608,0.6062794327735901,0.7648117542266846,-0.03459279239177704,0.6027250289916992,0.8222768306732178,-0.03591419383883476,0.6007483005523682,0.8649412989616394,-0.036714281886816025,0.640117347240448,0.6682085394859314,-0.02891821227967739,0.6381393074989319,0.7378022074699402,-0.037031885236501694,0.6396119594573975,0.7099402546882629,-0.030514990910887718,0.6415099501609802,0.6791889667510986,-0.023696064949035645,0.6638694405555725,0.6669256687164307,-0.03155316784977913,0.6583458781242371,0.7200874090194702,-0.03559265658259392,0.6593047976493835,0.6959251761436462,-0.027527321130037308,0.6604371666908264,0.6696531772613525,-0.019734878093004227,0.0,0.0,0.0,0.0,0.0,0.0,0.0,0.0,0.0,0.0,0.0,0.0,0.0,0.0,0.0,0.0,0.0,0.0,0.0,0.0,0.0,0.0,0.0,0.0,0.0,0.0,0.0,0.0,0.0,0.0,0.0,0.0,0.0,0.0,0.0,0.0,0.0,0.0,0.0,0.0,0.0,0.0,0.0,0.0,0.0,0.0,0.0,0.0,0.0,0.0,0.0,0.0,0.0,0.0,0.0,0.0,0.0,0.0,0.0,0.0,0.0,0.0,0.0
1783390723.402956,0.6694366931915283,0.5351033806800842,1.9772578241372685e-07,0.6293516159057617,0.5457630157470703,0.0010752278612926602,0.5910513997077942,0.5863272547721863,-0.00347777153365314,0.5569526553153992,0.6152253150939941,-0.008827805519104004,0.529639482498169,0.6164332628250122,-0.015370683744549751,0.5953317284584045,0.6452205777168274,-0.021763913333415985,0.5719876885414124,0.7348794341087341,-0.02989296242594719,0.5591527819633484,0.7831866145133972,-0.03235635533928871,0.5486162304878235,0.8220731019973755,-0.03372674062848091,0.6167444586753845,0.6629297733306885,-0.026693303138017654,0.6054083108901978,0.7647298574447632,-0.035330940037965775,0.6008768081665039,0.8228737711906433,-0.0369253009557724,0.5984199047088623,0.8655518293380737,-0.03813657909631729,0.6409520506858826,0.6697250604629517,-0.029403338208794594,0.6375454664230347,0.7408924698829651,-0.03635252267122269,0.6391924619674683,0.713029682636261,-0.028775054961442947,0.6413803696632385,0.6819806694984436,-0.021630965173244476,0.6644417643547058,0.6690941452980042,-0.03190787509083748,0.6589937806129456,0.7206767201423645,-0.03500176966190338,0.6599823832511902,0.6961938142776489,-0.02663540281355381,0.6612816452980042,0.6703209280967712,-0.018815377727150917,0.0,0.0,0.0,0.0,0.0,0.0,0.0,0.0,0.0,0.0,0.0,0.0,0.0,0.0,0.0,0.0,0.0,0.0,0.0,0.0,0.0,0.0,0.0,0.0,0.0,0.0,0.0,0.0,0.0,0.0,0.0,0.0,0.0,0.0,0.0,0.0,0.0,0.0,0.0,0.0,0.0,0.0,0.0,0.0,0.0,0.0,0.0,0.0,0.0,0.0,0.0,0.0,0.0,0.0,0.0,0.0,0.0,0.0,0.0,0.0,0.0,0.0,0.0
1783390723.611855,0.6701095104217529,0.5365158915519714,1.7575464994479262e-07,0.6300877332687378,0.5453594923019409,0.0003926792705897242,0.5926450490951538,0.5862171053886414,-0.004034116398543119,0.5591510534286499,0.6162890195846558,-0.008869966492056847,0.5323421955108643,0.6205015182495117,-0.014877967536449432,0.596814751625061,0.6475949287414551,-0.02262146770954132,0.5733979344367981,0.7392778396606445,-0.03070991300046444,0.5609182119369507,0.7875984907150269,-0.03319483995437622,0.5509558320045471,0.8265287280082703,-0.03449421375989914,0.618274450302124,0.6642767786979675,-0.026802916079759598,0.6067908406257629,0.7678511142730713,-0.0347021259367466,0.602687418460846,0.8246870040893555,-0.03532972186803818,0.6006471514701843,0.8669606447219849,-0.03586069121956825,0.6422966718673706,0.6705193519592285,-0.028917798772454262,0.6390987634658813,0.7426034808158875,-0.0356810986995697,0.6405537724494934,0.7142964005470276,-0.028150176629424095,0.6425786018371582,0.6831589341163635,-0.021067170426249504,0.6657478213310242,0.6702162027359009,-0.030824949964880943,0.6597623825073242,0.7238949537277222,-0.03439610078930855,0.6608003973960876,0.699758768081665,-0.026306845247745514,0.6620137095451355,0.67360520362854,-0.01862369291484356,0.0,0.0,0.0,0.0,0.0,0.0,0.0,0.0,0.0,0.0,0.0,0.0,0.0,0.0,0.0,0.0,0.0,0.0,0.0,0.0,0.0,0.0,0.0,0.0,0.0,0.0,0.0,0.0,0.0,0.0,0.0,0.0,0.0,0.0,0.0,0.0,0.0,0.0,0.0,0.0,0.0,0.0,0.0,0.0,0.0,0.0,0.0,0.0,0.0,0.0,0.0,0.0,0.0,0.0,0.0,0.0,0.0,0.0,0.0,0.0,0.0,0.0,0.0
1783390723.770422,0.671798586845398,0.5310018062591553,1.6656584023166943e-07,0.6309589743614197,0.5415605902671814,-0.00023634301032871008,0.5924845337867737,0.5813744068145752,-0.005083494354039431,0.5589904189109802,0.6089643836021423,-0.010625463910400867,0.5329987406730652,0.6138856410980225,-0.01735047996044159,0.5964713096618652,0.6415472030639648,-0.02208404615521431,0.5743492245674133,0.728771448135376,-0.031319767236709595,0.5621412396430969,0.7767194509506226,-0.03480095416307449,0.5515112280845642,0.815467894077301,-0.036622826009988785,0.6185475587844849,0.6592308878898621,-0.026843752712011337,0.6070758104324341,0.7578006386756897,-0.03625463321805,0.6022804975509644,0.8148006200790405,-0.03800373151898384,0.5994585156440735,0.8583245873451233,-0.03893944248557091,0.6421112418174744,0.66534823179245,-0.02975303679704666,0.6393216252326965,0.7351526618003845,-0.03802681714296341,0.6400765776634216,0.7096511125564575,-0.031822990626096725,0.642136812210083,0.6800810694694519,-0.025193380191922188,0.6653289198875427,0.6643208861351013,-0.03257465362548828,0.6593495607376099,0.7173280715942383,-0.03637101873755455,0.6598913073539734,0.6959097385406494,-0.028513643890619278,0.6610447764396667,0.6698475480079651,-0.02089640684425831,0.0,0.0,0.0,0.0,0.0,0.0,0.0,0.0,0.0,0.0,0.0,0.0,0.0,0.0,0.0,0.0,0.0,0.0,0.0,0.0,0.0,0.0,0.0,0.0,0.0,0.0,0.0,0.0,0.0,0.0,0.0,0.0,0.0,0.0,0.0,0.0,0.0,0.0,0.0,0.0,0.0,0.0,0.0,0.0,0.0,0.0,0.0,0.0,0.0,0.0,0.0,0.0,0.0,0.0,0.0,0.0,0.0,0.0,0.0,0.0,0.0,0.0,0.0
1783390723.916847,0.6710507869720459,0.5303758382797241,1.7532849483359314e-07,0.6304662227630615,0.5395751595497131,0.00045586764463223517,0.5918639898300171,0.5799252390861511,-0.003769324393942952,0.5584455132484436,0.6091911792755127,-0.008434329181909561,0.5319572687149048,0.6118595004081726,-0.014246338047087193,0.5971938371658325,0.6384823322296143,-0.02225923351943493,0.5737934708595276,0.7288902401924133,-0.030125148594379425,0.5615377426147461,0.7769313454627991,-0.03241368755698204,0.5512552261352539,0.8157457709312439,-0.033500365912914276,0.618859052658081,0.6560112833976746,-0.026512742042541504,0.6062628626823425,0.7574129700660706,-0.03444266319274902,0.6012282371520996,0.8147403597831726,-0.03521202132105827,0.5985535383224487,0.8575625419616699,-0.03576719015836716,0.6424993276596069,0.663046658039093,-0.028672901913523674,0.6369836330413818,0.7341323494911194,-0.03546929359436035,0.6380568742752075,0.7078346610069275,-0.02809995412826538,0.6407726407051086,0.677951991558075,-0.021014835685491562,0.6655653119087219,0.6634424924850464,-0.030641112476587296,0.6572680473327637,0.7170512676239014,-0.033540401607751846,0.6580208539962769,0.6945286393165588,-0.025039225816726685,0.660066545009613,0.669085681438446,-0.01712329499423504,0.0,0.0,0.0,0.0,0.0,0.0,0.0,0.0,0.0,0.0,0.0,0.0,0.0,0.0,0.0,0.0,0.0,0.0,0.0,0.0,0.0,0.0,0.0,0.0,0.0,0.0,0.0,0.0,0.0,0.0,0.0,0.0,0.0,0.0,0.0,0.0,0.0,0.0,0.0,0.0,0.0,0.0,0.0,0.0,0.0,0.0,0.0,0.0,0.0,0.0,0.0,0.0,0.0,0.0,0.0,0.0,0.0,0.0,0.0,0.0,0.0,0.0,0.0
1783390724.070418,0.6705540418624878,0.5290217399597168,1.7397778151462262e-07,0.6299388408660889,0.5390069484710693,0.00035399908665567636,0.5914719104766846,0.5791215300559998,-0.004280959255993366,0.5575715899467468,0.6071549654006958,-0.009594432078301907,0.5307396054267883,0.61029452085495,-0.016145871952176094,0.5961741209030151,0.6375150680541992,-0.02160385623574257,0.5732991695404053,0.7273201942443848,-0.029554368928074837,0.561398983001709,0.7752213478088379,-0.03196851909160614,0.5511341691017151,0.8140880465507507,-0.03323100134730339,0.6177131533622742,0.6548956036567688,-0.026466969400644302,0.6058014631271362,0.7556195259094238,-0.03470791503787041,0.6013713479042053,0.8127759099006653,-0.03580610081553459,0.5987494587898254,0.8553730845451355,-0.03656948730349541,0.641615092754364,0.6613718867301941,-0.02934318408370018,0.636929452419281,0.732564389705658,-0.036815084517002106,0.6384043097496033,0.7058106660842896,-0.029698187485337257,0.6409357786178589,0.6755222082138062,-0.022707901895046234,0.6651986241340637,0.6610904932022095,-0.032038960605859756,0.6577887535095215,0.7149438858032227,-0.035494115203619,0.6585478186607361,0.6919686198234558,-0.0270418431609869,0.660197913646698,0.6663774847984314,-0.019119316712021828,0.0,0.0,0.0,0.0,0.0,0.0,0.0,0.0,0.0,0.0,0.0,0.0,0.0,0.0,0.0,0.0,0.0,0.0,0.0,0.0,0.0,0.0,0.0,0.0,0.0,0.0,0.0,0.0,0.0,0.0,0.0,0.0,0.0,0.0,0.0,0.0,0.0,0.0,0.0,0.0,0.0,0.0,0.0,0.0,0.0,0.0,0.0,0.0,0.0,0.0,0.0,0.0,0.0,0.0,0.0,0.0,0.0,0.0,0.0,0.0,0.0,0.0,0.0
